{"cameraMode":{"drawMode":0,"name":"Shaded","section":"Shading Mode"},"sceneLighting":true,"audioPlay":false,"sceneViewState":{"showFog":true,"showMaterialUpdate":false,"showSkybox":true,"showFlares":true,"showImageEffects":true,"showParticleSystems":true},"in2DMode":false,"pivot":{"x":-12.796626091003418,"y":-10.331999778747559,"z":-17.67115020751953},"rotation":{"x":-0.07232492417097092,"y":0.9259926676750183,"z":-0.23133213818073274,"w":-0.2895027995109558},"size":13.984162330627442,"orthographic":false}